{
    "$schema": "https://raw.githubusercontent.com/Microsoft/azure-pipelines-task-lib/master/tasks.schema.json",
    "id": "b8857f68-e2e2-46c2-8f78-17e6b1fd1ff6",
    "name": "venafi-signing-task",
    "friendlyName": "Venafi code signing task",
    "description": "This task signs code with Venafi CodeSign Protect",
    "helpMarkDown": "",
    "category": "Information Protection",
    "author": "Sidechain Security",
    "version": {
        "Major": 0,
        "Minor": 1,
        "Patch": 10
    },
    "instanceNameFormat": "Code Sign",
    "inputs": [
        {
            "name": "authurl",
            "type": "string",
            "label": "authURL",
            "defaultValue": "",
            "required": true,
            "helpMarkDown": "authURL for Venafi CodeSign Protect"
        },
        {
            "name": "hsmurl",
            "type": "string",
            "label": "hsmURL",
            "defaultValue": "",
            "required": true,
            "helpMarkDown": "hsmURL for Venafi Codesign Protect"
        },
        {
            "name": "username",
            "type": "string",
            "label": "Venafi CSP username",
            "defaultValue": "",
            "required": true,
            "helpMarkDown": "Venafi CSP username"
        },
        {
            "name": "password",
            "type": "string",
            "label": "Venafi CSP password",
            "defaultValue": "",
            "required": true,
            "helpMarkDown": "Venafi CSP password"
        },
        {
            "name": "filesPattern",
            "type": "string",
            "label": "Pattern match for files (default *)",
            "defaultValue": "",
            "required": true,
            "helpMarkDown": "Pattern match for files (default *)"
        },
        {
            "name": "filesPath",
            "type": "string",
            "label": "filesPath",
            "defaultValue": "",
            "required": true,
            "helpMarkDown": "Path to files to sign"
        },
        {
            "name": "timestampServer",
            "type": "string",
            "label": "IP address of time stamp server",
            "defaultValue": "",
            "required": true,
            "helpMarkDown": "Timestamp server"
        },
        {
            "name": "timestampAlgo",
            "type": "string",
            "label": "Timestamp algorithm",
            "defaultValue": "",
            "required": true,
            "helpMarkDown": "Timestamp algorithm"
        },
        {
            "name": "appendSignature",
            "type": "string",
            "label": "Append signature",
            "defaultValue": "",
            "required": true,
            "helpMarkDown": "Append signature"
        },
        {
            "name": "subjectName",
            "type": "string",
            "label": "Subject name",
            "defaultValue": "",
            "required": true,
            "helpMarkDown": "Subject name"
        },
        {
            "name": "additionalArgs",
            "type": "string",
            "label": "Additional arguments",
            "defaultValue": "",
            "required": true,
            "helpMarkDown": "Additional arguments"
        },
        {
            "name": "certAlias",
            "type": "string",
            "label": "Certificate alias",
            "defaultValue": "",
            "required": true,
            "helpMarkDown": "Certificate alias"
        },
        {
            "name": "signer",
            "type": "string",
            "label": "Signer (signtool or jarsigner)",
            "defaultValue": "signtool",
            "required": true,
            "helpMarkDown": "Signer"
        }

    ],
    "execution": {
        "Node10": {
            "target": "index.js"
        }
    }
}